age,income_k,visits_per_month,avg_basket,tenure_months,satisfaction,channel,loyalty_member
56.0,56.9,2.6,50.71,33.0,3.18,In-store,0
44.0,70.7,4.9,66.15,29.0,3.46,In-store,1
65.0,41.6,4.2,52.89,53.0,5.0,In-store,1
34.0,76.9,4.4,59.92,34.0,1.86,In-store,1
21.0,44.3,9.2,38.49,27.0,3.3,Online,1
38.0,55.8,2.2,46.71,45.0,4.71,In-store,1
48.0,54.4,3.5,55.03,45.0,2.93,Online,1
60.0,58.1,4.8,54.45,32.0,3.39,In-store,1
34.0,33.1,10.0,31.98,60.0,3.62,Online,0
40.0,80.5,2.6,110.2,27.0,3.69,Online,1
23.0,43.3,8.1,24.63,38.0,4.59,Online,0
57.0,47.0,1.9,41.12,43.0,3.89,Online,1
41.0,94.6,6.0,95.68,25.0,4.57,In-store,0
43.0,54.5,4.9,45.65,42.0,3.25,In-store,1
48.0,97.5,0.5,125.93,8.0,2.99,Online,0
33.0,24.7,10.4,29.7,28.0,3.17,Online,1
47.0,106.7,4.8,116.86,24.0,2.63,In-store,0
21.0,30.9,12.2,21.24,46.0,3.72,Online,0
53.0,79.9,3.7,67.06,31.0,3.28,In-store,1
35.0,63.5,5.6,90.76,22.0,2.96,Online,1
54.0,49.3,4.4,49.74,35.0,3.95,In-store,0
27.0,32.8,3.9,29.42,50.0,2.44,In-store,0
52.0,69.0,4.4,62.0,36.0,4.2,In-store,1
55.0,64.7,2.6,62.16,56.0,3.2,Online,1
58.0,79.2,3.9,60.87,62.0,4.5,Online,1
31.0,40.2,10.4,34.05,28.0,3.05,Online,0
41.0,59.4,6.8,99.01,11.0,4.02,In-store,1
23.0,31.1,12.5,7.1,11.0,3.44,In-store,1
28.0,24.8,8.4,31.82,42.0,3.95,In-store,1
38.0,54.3,8.6,92.38,12.0,3.59,In-store,1
37.0,90.7,3.9,93.96,35.0,2.17,Online,0
55.0,62.9,1.7,43.68,50.0,4.34,In-store,0
28.0,33.7,8.1,30.88,35.0,3.28,Online,0
22.0,30.8,9.1,16.51,37.0,3.95,Online,0
39.0,73.8,4.3,75.53,17.0,4.01,In-store,1
20.0,24.4,10.4,33.34,16.0,2.74,Online,0
28.0,26.5,8.7,28.33,40.0,2.62,In-store,1
26.0,89.8,5.3,125.31,21.0,4.11,In-store,0
21.0,48.9,12.4,21.14,1.0,3.09,In-store,0
31.0,70.4,8.4,96.47,39.0,4.26,In-store,1
29.0,90.7,4.7,94.42,15.0,3.36,Online,1
58.0,58.5,2.7,50.98,55.0,4.37,Online,0
50.0,53.5,2.5,84.38,49.0,3.82,In-store,1
24.0,23.1,13.1,27.33,30.0,3.58,Online,0
60.0,48.7,1.6,51.21,62.0,3.25,In-store,0
64.0,46.2,2.8,58.92,50.0,3.76,Online,0
24.0,34.5,6.0,32.3,52.0,4.31,Online,1
28.0,38.8,7.3,18.65,15.0,3.28,Online,1
45.0,78.2,3.8,92.94,30.0,3.93,In-store,1
24.0,54.9,10.0,28.62,39.0,3.39,In-store,0
31.0,33.4,13.9,23.49,27.0,3.44,In-store,0
22.0,37.9,7.3,33.98,46.0,4.74,Online,0
53.0,61.3,5.7,63.02,42.0,4.54,In-store,1
39.0,76.8,2.6,101.1,59.0,3.59,Online,1
35.0,84.9,1.5,88.56,60.0,3.66,Online,0
47.0,48.5,1.7,38.53,52.0,2.96,In-store,1
43.0,82.3,3.5,70.95,38.0,3.31,In-store,1
44.0,91.1,2.1,96.4,47.0,3.76,In-store,0
25.0,30.3,10.5,23.55,13.0,4.02,Online,0
25.0,30.1,9.5,25.88,12.0,3.94,Online,0
45.0,76.8,3.2,98.58,48.0,2.63,In-store,1
46.0,68.0,7.2,108.46,34.0,4.32,Online,1
51.0,77.1,5.7,107.63,27.0,3.47,Online,0
51.0,39.4,3.0,65.19,48.0,2.8,In-store,1
36.0,76.6,3.2,90.67,1.0,4.57,In-store,1
52.0,67.3,2.2,84.79,27.0,4.65,In-store,1
39.0,72.1,2.9,76.21,19.0,3.67,Online,1
25.0,44.6,9.6,33.44,43.0,3.93,Online,0
25.0,58.8,8.9,27.58,44.0,3.96,In-store,0
40.0,83.8,6.6,80.85,38.0,4.59,Online,1
19.0,34.3,10.3,24.26,36.0,3.92,Online,0
41.0,88.7,3.7,77.62,9.0,2.4,In-store,1
60.0,55.5,3.2,45.98,56.0,5.0,Online,1
33.0,33.7,8.3,22.87,39.0,4.19,Online,1
25.0,34.8,7.9,25.19,47.0,2.93,In-store,0
33.0,42.3,10.2,19.62,60.0,2.5,Online,1
22.0,31.4,4.4,41.93,6.0,3.78,Online,0
38.0,72.6,4.6,102.61,25.0,3.3,In-store,1
38.0,64.3,7.2,119.75,20.0,3.83,In-store,0
54.0,52.7,0.8,72.09,50.0,4.2,In-store,1
42.0,72.3,3.8,91.12,30.0,3.05,In-store,0
52.0,69.9,4.0,114.29,27.0,2.66,Online,1
45.0,55.0,4.1,39.51,62.0,3.83,In-store,0
19.0,27.9,9.7,24.35,15.0,2.91,In-store,0
26.0,27.5,11.8,21.91,15.0,3.45,Online,1
22.0,36.8,7.8,29.09,16.0,2.28,Online,1
39.0,80.0,5.9,93.24,25.0,3.3,Online,1
42.0,74.5,3.4,82.06,13.0,4.05,In-store,0
19.0,31.8,7.8,30.48,29.0,3.84,Online,0
37.0,81.1,3.4,87.47,28.0,2.86,Online,1
28.0,48.6,9.9,33.03,19.0,2.42,In-store,0
46.0,102.9,8.9,92.97,42.0,3.52,In-store,1
46.0,67.9,5.2,78.6,29.0,3.92,In-store,1
29.0,34.3,5.8,20.41,45.0,3.65,Online,0
27.0,34.5,6.3,18.67,27.0,2.92,Online,0
40.0,59.1,2.6,73.69,30.0,3.7,In-store,1
21.0,42.7,13.6,30.03,22.0,4.55,Online,0
29.0,30.7,10.0,28.56,30.0,3.51,In-store,0
27.0,38.3,8.0,9.85,40.0,2.0,Online,0
60.0,44.5,1.9,77.94,42.0,3.78,In-store,1
68.0,61.1,3.8,48.96,55.0,5.0,Online,0
44.0,62.9,5.9,104.87,19.0,2.5,Online,1
25.0,35.8,6.6,17.86,41.0,3.35,In-store,0
60.0,48.7,3.8,40.63,40.0,3.35,In-store,1
65.0,60.6,2.4,46.63,60.0,3.62,Online,0
30.0,80.8,3.9,70.09,31.0,3.6,Online,1
47.0,71.7,4.5,87.82,51.0,4.4,Online,0
24.0,37.2,8.0,20.49,14.0,3.4,Online,0
24.0,37.1,13.2,18.39,9.0,4.35,In-store,0
48.0,42.9,5.3,47.24,39.0,3.45,In-store,1
42.0,67.1,7.9,75.45,11.0,3.18,Online,0
24.0,49.0,8.7,40.68,11.0,2.84,In-store,1
24.0,38.0,10.0,23.2,39.0,1.88,Online,1
43.0,92.9,6.0,90.53,30.0,3.72,Online,0
25.0,32.4,5.1,18.97,23.0,4.97,Online,0
47.0,35.6,2.8,49.68,43.0,3.92,Online,1
40.0,41.8,2.3,56.66,40.0,4.12,In-store,0
44.0,99.9,3.5,86.03,53.0,3.16,In-store,1
47.0,64.4,4.8,75.43,20.0,3.27,In-store,0
33.0,93.9,6.1,89.79,11.0,4.28,Online,1
38.0,70.1,7.3,86.62,41.0,5.0,In-store,0
35.0,102.2,5.6,89.15,27.0,4.68,Online,1
25.0,47.9,8.5,27.69,59.0,3.99,Online,0
42.0,65.8,1.3,80.86,23.0,3.5,Online,0
25.0,40.0,11.7,23.04,42.0,3.5,Online,0
46.0,87.4,5.0,71.15,45.0,2.85,Online,1
26.0,41.9,7.5,40.2,23.0,2.22,In-store,0
30.0,47.7,9.0,30.15,20.0,2.45,In-store,0
22.0,45.4,9.0,29.22,40.0,3.39,Online,0
36.0,87.1,6.4,86.18,38.0,3.25,In-store,1
28.0,40.9,14.2,45.12,10.0,2.21,Online,0
52.0,53.6,3.2,43.23,32.0,3.5,In-store,1
40.0,68.2,4.8,122.0,1.0,3.32,Online,1
26.0,33.2,9.8,26.08,38.0,2.4,Online,0
47.0,92.6,5.9,87.71,26.0,3.19,In-store,1
22.0,39.7,9.1,29.02,28.0,3.09,Online,1
35.0,55.8,2.3,54.12,24.0,3.07,In-store,0
45.0,81.4,7.2,77.15,15.0,4.21,In-store,0
34.0,46.4,2.5,51.81,41.0,2.03,Online,1
20.0,38.1,10.5,18.8,21.0,1.74,Online,0
44.0,76.2,4.9,99.49,32.0,3.52,In-store,1
33.0,68.1,5.5,60.59,38.0,3.5,In-store,1
45.0,57.8,1.8,48.67,80.0,3.87,Online,1
37.0,82.0,4.4,122.29,30.0,3.14,Online,1
39.0,80.2,6.5,115.19,46.0,2.82,In-store,1
17.0,36.3,5.3,34.61,18.0,3.36,Online,0
20.0,23.6,9.3,26.15,7.0,2.99,In-store,0
43.0,80.9,2.5,103.28,25.0,4.77,Online,1
48.0,84.7,7.0,53.29,8.0,3.15,In-store,1
27.0,37.4,11.6,33.47,30.0,3.32,Online,0
48.0,61.3,3.3,46.57,37.0,5.0,In-store,0
61.0,57.8,2.7,39.55,21.0,3.37,Online,0
22.0,33.7,4.6,26.52,54.0,3.79,Online,1
31.0,86.0,6.2,111.53,22.0,4.06,In-store,0
26.0,42.3,6.0,29.19,7.0,3.94,Online,0
47.0,78.6,8.1,89.04,43.0,3.73,In-store,1
25.0,39.2,11.6,17.71,20.0,3.48,Online,1
44.0,71.7,4.3,105.72,45.0,3.61,Online,0
53.0,64.5,3.8,107.17,20.0,3.08,In-store,1
55.0,50.1,1.9,72.36,40.0,3.86,In-store,1
29.0,25.0,7.8,13.41,35.0,4.94,Online,0
50.0,48.3,3.7,46.18,56.0,4.51,In-store,1
17.0,43.0,8.4,38.13,41.0,3.61,Online,0
30.0,41.8,3.9,39.72,29.0,4.06,Online,0
45.0,114.4,4.1,121.52,37.0,2.88,In-store,1
22.0,35.4,8.8,41.73,40.0,3.17,Online,0
40.0,61.3,1.6,52.63,51.0,4.31,In-store,1
52.0,83.0,2.9,58.67,46.0,4.76,In-store,0
30.0,34.1,9.9,24.84,10.0,2.72,Online,1
50.0,38.3,5.1,67.44,56.0,3.2,In-store,1
28.0,54.2,3.4,23.26,31.0,5.0,Online,0
47.0,99.3,5.0,94.72,24.0,3.58,Online,1
22.0,42.0,10.3,37.01,48.0,4.83,Online,0
55.0,52.2,3.9,68.45,28.0,3.76,In-store,1
25.0,37.1,6.1,22.39,53.0,3.53,Online,0
22.0,34.5,9.2,19.74,30.0,3.08,In-store,1
44.0,76.4,1.7,105.8,34.0,4.29,Online,1
57.0,52.7,2.8,54.41,42.0,4.65,In-store,1
48.0,50.0,3.2,39.59,25.0,2.7,In-store,1
40.0,110.1,5.1,86.83,28.0,3.21,In-store,1
47.0,42.3,3.6,47.67,53.0,4.28,In-store,1
53.0,59.0,2.3,35.89,57.0,3.41,In-store,0
40.0,69.6,3.4,122.84,27.0,3.18,Online,1
31.0,40.9,9.9,30.01,1.0,4.16,Online,0
51.0,62.6,6.0,47.12,26.0,4.43,In-store,1
32.0,84.7,5.5,89.59,59.0,3.14,In-store,0
29.0,51.5,7.5,24.66,15.0,3.51,Online,1
27.0,47.1,3.5,39.3,50.0,2.41,In-store,0
44.0,82.1,5.2,83.61,17.0,2.76,Online,0
26.0,39.6,10.1,32.69,27.0,3.46,Online,1
54.0,59.5,1.5,57.55,57.0,3.59,Online,1
21.0,23.5,8.7,27.53,19.0,2.57,Online,0
33.0,41.8,10.8,42.58,52.0,2.81,Online,1
53.0,50.6,4.0,60.24,49.0,2.72,In-store,0
31.0,43.1,7.5,15.07,36.0,3.68,In-store,0
27.0,49.8,6.2,25.81,26.0,1.77,Online,0
32.0,78.5,0.5,90.25,39.0,2.69,In-store,0
46.0,65.9,4.3,49.54,70.0,2.06,In-store,0
27.0,41.1,3.5,29.71,28.0,3.69,In-store,0
22.0,31.5,5.2,22.63,54.0,1.89,Online,0
57.0,59.6,2.4,29.53,39.0,3.53,Online,1
66.0,54.3,2.0,35.84,59.0,4.83,In-store,1
51.0,82.6,3.7,123.02,37.0,4.91,In-store,1
26.0,30.1,13.9,28.26,15.0,1.9,Online,0
26.0,45.7,9.8,33.92,33.0,3.6,Online,1
33.0,37.3,10.2,14.41,30.0,2.52,Online,0
30.0,40.7,7.3,25.33,18.0,2.39,Online,0
31.0,86.3,2.4,88.41,35.0,3.4,In-store,1
27.0,46.0,8.0,17.84,32.0,4.31,In-store,1
49.0,66.2,5.7,63.28,29.0,3.91,In-store,1
35.0,69.3,5.5,83.37,29.0,2.91,In-store,1
44.0,73.7,4.1,68.82,29.0,4.01,In-store,0
25.0,43.0,13.0,26.39,25.0,1.55,Online,0
58.0,50.2,3.1,37.17,50.0,2.92,In-store,1
51.0,68.1,4.9,88.24,21.0,2.83,In-store,1
39.0,79.0,4.0,101.4,67.0,3.59,In-store,1
28.0,43.7,6.7,26.45,10.0,3.18,Online,1
19.0,25.1,6.1,24.81,22.0,3.23,Online,0
58.0,53.3,3.4,52.18,41.0,3.42,Online,0
30.0,47.9,9.2,33.94,59.0,3.38,Online,1
30.0,40.3,7.8,31.88,12.0,3.79,Online,0
45.0,90.3,5.1,66.82,36.0,3.56,Online,0
34.0,73.0,3.4,122.36,33.0,3.35,Online,1
52.0,51.8,5.0,54.21,53.0,3.88,In-store,1
22.0,49.3,7.8,22.18,47.0,3.99,In-store,1
58.0,52.8,3.8,34.22,65.0,3.07,In-store,0
28.0,39.6,12.9,26.65,24.0,3.3,Online,1
39.0,83.1,5.4,107.08,33.0,4.47,Online,0
46.0,73.9,2.1,86.86,4.0,2.61,In-store,0
25.0,30.1,7.7,37.88,31.0,4.81,Online,0
21.0,36.4,9.6,22.58,19.0,2.26,In-store,0
42.0,90.3,3.5,109.0,27.0,3.27,Online,1
59.0,59.0,3.6,54.89,24.0,2.8,Online,1
39.0,78.5,6.4,101.29,36.0,5.0,In-store,1
67.0,52.0,2.2,41.06,24.0,3.13,In-store,0
60.0,49.7,2.2,46.35,50.0,3.14,In-store,1
50.0,65.7,8.0,75.66,13.0,3.16,In-store,1
66.0,66.5,3.9,31.0,36.0,3.58,Online,0
27.0,32.6,6.8,25.98,46.0,3.08,Online,1
24.0,37.9,12.1,27.94,38.0,3.24,Online,0
50.0,56.8,2.9,42.97,64.0,1.0,In-store,1
59.0,70.6,3.0,48.47,70.0,3.59,In-store,1
21.0,51.3,12.4,23.15,19.0,3.35,Online,0
41.0,95.1,3.6,92.68,51.0,4.33,In-store,0
41.0,79.0,7.0,76.9,9.0,4.51,In-store,1
56.0,54.4,3.8,58.59,58.0,3.42,In-store,0
50.0,55.9,3.1,114.06,23.0,4.21,In-store,0
43.0,81.1,4.2,99.92,17.0,2.64,Online,0
26.0,36.8,10.8,25.91,39.0,3.96,In-store,0
47.0,67.0,4.8,59.37,43.0,2.96,In-store,1
48.0,77.2,4.7,48.96,43.0,2.45,Online,1
56.0,57.4,3.8,50.0,51.0,3.4,In-store,1
46.0,60.6,1.6,70.19,32.0,4.57,In-store,1
28.0,38.7,8.9,28.07,37.0,3.49,Online,0
32.0,30.1,4.9,34.05,34.0,4.56,Online,0
37.0,65.1,7.3,111.57,38.0,2.95,In-store,1
52.0,47.3,4.1,61.03,51.0,4.41,In-store,1
23.0,47.1,13.8,26.9,42.0,2.82,Online,0
22.0,47.7,11.1,26.34,7.0,3.52,Online,0
39.0,91.2,6.3,101.26,28.0,3.7,Online,0
32.0,36.3,11.0,18.78,11.0,3.85,Online,0
48.0,51.8,3.4,43.06,52.0,3.73,In-store,1
25.0,33.3,6.6,24.29,53.0,2.75,Online,1
34.0,42.7,9.8,35.95,23.0,4.07,In-store,0
60.0,54.1,0.8,46.91,50.0,4.93,In-store,1
33.0,30.2,8.9,24.61,41.0,2.87,Online,0
26.0,30.3,6.4,36.59,1.0,1.9,Online,1
27.0,49.6,9.3,38.86,23.0,3.77,Online,1
27.0,36.7,6.3,36.79,35.0,3.1,Online,0
39.0,51.1,10.1,22.03,1.0,3.23,Online,0
29.0,33.9,9.0,24.53,16.0,3.78,In-store,0
23.0,40.3,12.5,40.7,45.0,3.01,In-store,0
30.0,57.1,9.0,29.69,44.0,3.14,Online,0
40.0,91.8,5.8,117.14,35.0,3.48,Online,0
45.0,77.5,5.3,128.97,42.0,4.77,Online,1
30.0,48.3,5.6,35.05,33.0,3.39,In-store,0
26.0,31.4,10.0,24.0,38.0,2.35,Online,0
51.0,73.6,5.1,87.45,26.0,2.53,Online,1
59.0,36.3,2.8,56.06,50.0,3.68,In-store,0
52.0,43.5,0.7,69.63,39.0,2.69,In-store,1
28.0,30.4,8.3,28.09,48.0,2.1,Online,1
18.0,36.6,7.6,20.2,51.0,3.84,Online,0
29.0,41.6,9.5,21.11,49.0,3.88,Online,0
22.0,29.9,10.0,24.06,24.0,3.04,Online,0
38.0,64.9,6.4,71.69,17.0,3.69,Online,0
37.0,82.0,3.2,122.84,48.0,3.73,Online,1
26.0,26.6,7.5,23.46,38.0,3.82,In-store,0
23.0,34.6,11.5,28.36,35.0,3.83,Online,0
42.0,82.7,5.6,103.66,21.0,1.44,In-store,1
21.0,34.8,9.0,31.0,36.0,3.16,Online,0
55.0,71.6,2.8,62.08,33.0,3.99,In-store,0
24.0,37.8,15.1,27.45,39.0,3.02,In-store,0
54.0,60.6,3.6,61.47,67.0,3.61,In-store,1
27.0,43.5,9.7,30.61,53.0,3.95,In-store,1
45.0,44.7,3.5,56.52,58.0,3.63,In-store,0
41.0,50.1,3.0,44.41,29.0,4.74,In-store,1
53.0,42.9,2.6,44.43,51.0,4.44,In-store,0
55.0,42.2,2.6,66.69,78.0,3.5,In-store,1
46.0,59.0,2.4,59.63,36.0,3.41,In-store,0
55.0,89.5,5.7,79.23,29.0,1.19,In-store,1
55.0,58.2,3.5,54.17,68.0,3.3,In-store,1
26.0,23.8,10.9,34.82,39.0,2.28,Online,0
52.0,73.2,3.8,97.18,65.0,3.69,In-store,1
45.0,98.9,3.2,64.29,20.0,3.56,In-store,1
58.0,69.1,5.3,50.5,34.0,4.11,In-store,1
43.0,71.3,5.2,109.31,47.0,4.66,Online,0
21.0,32.5,9.6,19.92,13.0,3.31,Online,0
47.0,69.1,6.3,90.95,27.0,5.0,Online,1
27.0,39.1,7.4,19.04,29.0,3.51,Online,0
31.0,23.9,13.2,36.63,45.0,2.32,In-store,1
34.0,90.9,3.7,76.45,39.0,3.01,Online,1
44.0,73.1,2.4,94.35,36.0,3.21,In-store,0
19.0,22.7,8.2,22.0,24.0,3.81,Online,0
23.0,27.8,13.4,24.17,47.0,2.58,Online,0
24.0,29.7,6.7,38.4,86.0,3.13,Online,0
24.0,37.5,7.2,28.72,40.0,3.22,Online,0
26.0,35.1,6.6,24.09,31.0,2.98,Online,0
40.0,71.0,5.9,93.34,12.0,4.15,In-store,1
30.0,45.6,5.6,14.9,21.0,3.83,Online,0
61.0,41.3,3.3,48.75,45.0,4.48,In-store,0
49.0,72.9,2.5,54.64,41.0,3.3,Online,1
46.0,72.7,3.3,76.4,30.0,4.43,In-store,1
20.0,31.1,7.7,24.08,55.0,2.25,Online,0
39.0,84.6,3.4,75.8,47.0,2.35,Online,1
43.0,61.6,4.4,25.93,46.0,2.52,In-store,0
50.0,89.3,6.9,81.8,13.0,3.48,Online,1
60.0,52.7,3.0,51.34,67.0,4.52,In-store,1
41.0,115.1,5.1,79.95,29.0,2.99,In-store,0
45.0,84.2,3.5,108.67,6.0,3.16,Online,1
25.0,41.2,10.9,15.67,40.0,3.14,Online,0
42.0,86.4,4.3,95.71,44.0,3.97,Online,1
26.0,40.4,6.7,36.85,1.0,2.99,In-store,1
43.0,72.7,6.1,136.9,18.0,3.18,In-store,1
58.0,68.5,4.0,63.64,46.0,2.51,Online,1
28.0,43.7,8.6,36.55,40.0,2.91,Online,1
47.0,75.9,5.0,107.33,23.0,4.48,Online,1
24.0,28.9,7.1,31.85,18.0,3.43,Online,0
32.0,91.0,8.0,65.67,40.0,2.85,In-store,1
31.0,38.5,11.4,41.64,23.0,4.37,Online,0
55.0,51.8,3.0,61.49,56.0,3.11,In-store,1
28.0,39.3,8.6,24.27,14.0,4.47,Online,0
57.0,57.2,4.2,57.21,29.0,4.69,In-store,0
60.0,59.0,3.6,33.96,59.0,3.56,In-store,1
34.0,58.7,5.3,120.27,34.0,2.37,In-store,1
55.0,51.8,4.0,56.53,61.0,5.0,In-store,0
49.0,44.0,3.0,57.17,41.0,3.88,In-store,1
55.0,61.7,6.8,57.71,37.0,3.31,In-store,1
25.0,33.3,11.6,29.96,49.0,4.12,In-store,0
48.0,81.4,7.7,77.37,9.0,4.03,Online,0
25.0,30.8,8.4,27.15,48.0,4.39,Online,0
41.0,78.8,7.5,90.86,48.0,2.97,Online,1
25.0,52.7,7.2,35.11,42.0,3.62,In-store,1
46.0,74.9,5.1,98.69,20.0,2.57,In-store,0
45.0,78.2,3.3,69.77,19.0,3.98,Online,1
44.0,77.6,5.0,109.63,27.0,3.52,In-store,1
48.0,55.4,5.0,97.08,12.0,3.74,In-store,1
57.0,66.0,3.1,70.63,35.0,3.48,In-store,0
49.0,59.0,2.6,57.06,57.0,3.37,In-store,1
36.0,74.6,4.4,87.12,39.0,2.79,In-store,1
46.0,75.0,5.7,81.94,15.0,4.11,In-store,1
61.0,59.7,3.8,55.9,57.0,4.76,Online,1
30.0,57.7,6.2,36.79,36.0,2.92,In-store,0
29.0,49.1,10.7,28.21,51.0,3.79,Online,0
27.0,31.2,11.6,26.29,38.0,3.69,Online,1
47.0,87.2,0.5,58.58,45.0,3.43,Online,1
43.0,98.3,4.1,84.9,37.0,2.26,Online,1
58.0,62.0,3.8,44.96,62.0,2.5,Online,1
50.0,60.4,2.0,97.45,12.0,2.89,Online,1
25.0,47.3,9.1,36.32,28.0,1.66,Online,0
48.0,68.1,0.8,55.59,47.0,4.69,In-store,1
62.0,35.3,1.2,49.29,45.0,3.84,In-store,0
28.0,36.7,9.3,32.49,36.0,3.33,Online,1
11.0,44.0,7.0,28.06,39.0,1.6,Online,0
19.0,41.1,11.5,30.68,35.0,1.89,Online,0
28.0,34.9,7.3,22.28,28.0,3.33,Online,0
28.0,25.0,7.3,42.49,20.0,4.96,Online,1
47.0,50.9,4.4,60.04,63.0,3.02,In-store,0
34.0,73.9,6.2,91.31,35.0,4.19,Online,0
31.0,28.4,13.1,26.68,16.0,2.96,In-store,0
38.0,70.5,3.8,88.92,27.0,3.54,Online,0
47.0,71.7,5.9,106.18,6.0,4.51,In-store,1
60.0,48.7,3.4,46.27,48.0,3.26,Online,1
50.0,46.7,0.5,56.7,45.0,3.01,In-store,1
40.0,77.3,4.9,52.61,22.0,4.54,Online,0
27.0,25.1,7.2,40.93,52.0,3.41,Online,1
64.0,60.2,2.3,42.31,32.0,4.4,Online,1
35.0,66.9,5.3,103.2,40.0,2.98,In-store,0
59.0,52.6,2.6,46.09,79.0,4.67,Online,1
21.0,32.4,9.3,25.57,45.0,3.56,Online,0
75.0,45.1,2.4,44.18,48.0,3.88,Online,1
43.0,74.6,3.0,72.65,14.0,3.56,Online,0
30.0,44.6,10.6,21.41,11.0,2.93,Online,0
32.0,79.5,9.0,114.57,24.0,3.55,Online,0
42.0,74.9,6.3,98.77,20.0,3.16,Online,1
26.0,42.6,13.1,42.84,20.0,4.15,In-store,1
44.0,60.3,4.2,73.96,25.0,3.3,In-store,1
46.0,72.0,4.3,57.44,47.0,2.37,In-store,1
22.0,34.6,11.6,23.38,37.0,1.99,Online,0
34.0,70.7,4.7,61.39,13.0,2.05,In-store,1
42.0,85.5,8.8,105.09,20.0,4.03,In-store,1
24.0,34.3,2.9,32.79,28.0,2.44,Online,1
59.0,62.4,4.6,68.13,45.0,3.83,In-store,0
52.0,62.8,2.3,51.76,74.0,3.66,Online,1
28.0,50.0,8.1,25.27,33.0,3.29,In-store,0
57.0,52.4,1.2,63.28,25.0,3.93,In-store,1
42.0,51.4,1.6,60.0,54.0,3.7,In-store,1
29.0,46.5,12.2,19.8,38.0,1.16,Online,0
43.0,46.9,2.9,65.4,46.0,3.33,Online,1
29.0,38.8,10.2,42.52,13.0,3.72,Online,0
54.0,43.8,3.6,60.59,73.0,4.89,In-store,1
48.0,72.0,5.0,108.33,15.0,4.89,In-store,0
36.0,59.4,5.2,83.07,39.0,2.39,In-store,0
24.0,34.4,7.9,30.95,33.0,3.07,Online,0
60.0,57.8,4.4,40.52,56.0,2.27,In-store,1
32.0,37.1,12.9,18.2,54.0,4.54,Online,0
33.0,31.7,9.6,30.7,38.0,4.16,Online,0
31.0,33.9,8.3,27.93,22.0,3.63,In-store,0
56.0,61.0,1.8,51.46,63.0,3.69,In-store,1
27.0,43.4,11.2,26.23,21.0,4.45,Online,1
54.0,65.1,5.7,51.83,50.0,4.52,In-store,1
43.0,74.9,2.9,76.2,12.0,4.39,Online,1
27.0,42.6,12.0,20.8,16.0,3.7,In-store,1
29.0,32.9,13.7,33.05,31.0,3.08,Online,0
26.0,35.9,10.9,35.59,35.0,3.98,Online,1
49.0,87.9,4.1,78.97,6.0,4.12,Online,1
56.0,57.7,3.8,62.22,55.0,3.43,Online,0
29.0,30.1,10.4,18.33,19.0,3.04,Online,0
63.0,69.3,2.6,45.49,66.0,4.45,Online,1
27.0,38.9,9.5,33.86,25.0,4.69,Online,1
52.0,51.8,1.8,49.99,32.0,2.95,In-store,1
58.0,59.7,2.8,38.01,49.0,3.31,In-store,1
59.0,46.6,2.3,74.17,35.0,3.89,Online,0
40.0,77.5,2.6,91.84,48.0,3.89,In-store,0
61.0,58.6,5.3,51.02,48.0,3.13,In-store,1
32.0,35.1,14.0,28.51,28.0,4.86,Online,0
24.0,34.6,7.9,20.98,38.0,3.67,In-store,0
19.0,33.7,7.3,25.8,16.0,3.77,Online,0
38.0,64.7,6.0,97.73,12.0,4.92,Online,0
45.0,78.8,3.7,83.09,36.0,3.12,Online,1
59.0,79.4,3.6,121.6,15.0,3.5,In-store,1
54.0,64.7,2.7,61.99,33.0,2.58,In-store,1
25.0,44.0,15.8,41.24,42.0,3.24,In-store,0
37.0,92.7,6.1,96.7,37.0,2.32,In-store,0
27.0,25.7,6.2,27.75,12.0,3.94,Online,0
27.0,40.4,8.9,32.49,21.0,3.69,Online,0
47.0,90.8,7.4,84.19,17.0,3.26,In-store,0
49.0,39.6,2.8,55.95,73.0,3.48,Online,1
43.0,111.8,6.8,95.75,43.0,4.12,In-store,0
25.0,37.1,10.0,38.4,24.0,2.46,In-store,1
28.0,82.6,5.1,118.24,38.0,3.73,In-store,1
26.0,53.4,11.0,20.06,11.0,3.89,Online,0
70.0,53.3,2.5,49.73,39.0,2.12,In-store,1
48.0,87.5,4.4,104.12,31.0,4.08,Online,1
31.0,30.7,4.6,21.67,36.0,1.99,In-store,1
27.0,45.8,5.1,29.38,29.0,3.26,Online,0
24.0,45.8,6.8,26.58,33.0,2.41,In-store,0
66.0,60.9,2.0,46.22,49.0,4.69,In-store,0
44.0,62.6,3.9,86.73,28.0,2.56,Online,1
48.0,56.6,0.6,51.48,44.0,2.23,In-store,1
31.0,70.2,3.4,105.02,24.0,3.64,Online,1
48.0,79.2,5.6,80.24,33.0,3.14,In-store,0
29.0,47.6,7.8,33.49,36.0,2.16,In-store,0
53.0,53.3,1.3,54.88,51.0,3.98,In-store,0
22.0,36.7,12.8,32.26,13.0,1.76,Online,0
45.0,78.6,3.7,115.7,16.0,2.73,In-store,1
28.0,78.8,6.4,56.26,36.0,2.95,In-store,0
46.0,73.5,6.5,131.33,51.0,4.24,In-store,1
58.0,45.4,4.7,57.47,50.0,4.6,In-store,0
23.0,29.6,6.9,40.05,24.0,4.26,Online,0
41.0,72.9,10.8,105.29,33.0,3.41,In-store,1
49.0,89.7,6.9,108.07,14.0,1.6,Online,0
41.0,71.5,5.6,99.93,48.0,3.83,Online,0
28.0,45.8,8.4,38.24,33.0,4.55,In-store,0
21.0,36.8,6.6,33.6,21.0,4.35,Online,1
25.0,49.4,11.5,30.21,28.0,3.72,In-store,1
26.0,48.9,10.1,25.75,23.0,2.39,Online,0
40.0,86.7,7.7,130.36,48.0,3.17,In-store,1
41.0,95.5,6.4,111.22,27.0,5.0,In-store,1
33.0,67.8,2.7,62.5,32.0,2.3,In-store,1
44.0,80.8,5.9,142.0,38.0,2.7,In-store,0
31.0,66.7,2.8,84.66,20.0,4.24,In-store,1
26.0,35.3,7.4,25.37,33.0,3.0,Online,0
43.0,87.3,5.4,95.48,34.0,2.56,In-store,0
25.0,26.3,4.9,37.02,8.0,4.59,In-store,0
32.0,43.1,8.1,34.79,34.0,3.73,Online,0
41.0,62.2,5.9,106.26,29.0,3.23,Online,1
53.0,61.4,6.0,90.44,32.0,2.58,Online,1
23.0,29.3,15.3,28.55,30.0,4.99,Online,0
38.0,102.8,4.8,102.9,34.0,3.51,In-store,1
43.0,94.3,2.3,111.85,49.0,4.67,Online,1
42.0,55.2,1.4,56.05,13.0,4.13,Online,0
44.0,95.1,6.3,93.46,25.0,3.09,In-store,0
38.0,89.2,3.6,102.39,39.0,3.12,Online,0
25.0,23.3,2.6,32.98,37.0,4.52,In-store,0
47.0,53.4,5.9,66.81,54.0,4.76,In-store,0
43.0,91.1,3.9,88.41,69.0,1.99,Online,1
45.0,84.6,6.1,95.88,39.0,3.95,Online,1
41.0,62.3,3.8,116.26,46.0,3.46,In-store,0
27.0,20.1,12.3,21.89,26.0,2.51,In-store,0
48.0,52.3,5.2,105.61,16.0,3.74,Online,1
44.0,75.3,4.2,88.99,26.0,2.41,Online,1
51.0,51.0,4.5,47.17,58.0,3.17,In-store,1
41.0,49.9,4.4,43.0,54.0,2.89,Online,0
33.0,72.0,2.3,117.09,36.0,3.16,In-store,0
36.0,88.7,5.7,113.7,27.0,3.5,Online,1
63.0,55.8,2.9,50.57,43.0,2.74,In-store,1
26.0,47.1,7.4,40.07,27.0,4.63,Online,0
58.0,65.3,3.9,43.05,58.0,3.93,In-store,0
46.0,91.0,5.7,93.43,42.0,4.94,Online,1
20.0,42.1,5.8,27.52,16.0,3.22,Online,0
20.0,39.1,5.2,27.8,41.0,2.91,Online,0
62.0,50.6,4.1,55.08,39.0,4.97,Online,1
25.0,35.3,7.5,22.62,37.0,2.87,Online,0
24.0,31.5,11.8,35.07,27.0,3.22,In-store,0
26.0,41.4,9.7,25.06,52.0,3.92,Online,0
29.0,37.2,9.7,20.34,24.0,2.34,Online,0
27.0,32.7,7.1,27.7,33.0,3.92,Online,0
35.0,95.3,5.2,100.95,38.0,3.99,In-store,1
31.0,28.3,9.9,14.19,18.0,4.33,In-store,1
73.0,60.5,3.7,44.7,47.0,4.25,In-store,0
50.0,63.2,5.0,66.15,44.0,4.63,In-store,1
30.0,31.1,11.7,31.16,23.0,3.27,In-store,1
31.0,44.5,9.0,43.61,24.0,2.69,Online,0
35.0,75.1,3.6,117.3,46.0,5.0,In-store,1
28.0,26.7,7.8,38.14,22.0,2.15,In-store,0
28.0,46.2,4.5,47.6,38.0,2.25,Online,0
52.0,73.5,3.2,48.38,52.0,4.0,In-store,0
58.0,51.5,5.1,53.09,28.0,4.86,In-store,1
52.0,62.8,2.7,47.08,55.0,3.69,Online,1
21.0,47.1,10.1,24.09,10.0,4.14,In-store,0
44.0,83.4,4.4,101.21,39.0,1.93,Online,1
48.0,84.6,7.4,105.48,23.0,3.13,In-store,0
29.0,42.4,10.4,30.79,30.0,1.85,In-store,0
39.0,84.1,3.2,77.32,12.0,4.09,In-store,1
25.0,53.1,7.6,23.19,32.0,2.1,Online,0
21.0,38.0,11.8,30.89,43.0,2.33,Online,1
41.0,90.9,4.7,98.35,19.0,3.93,In-store,1
26.0,40.9,7.5,14.51,21.0,4.16,Online,1
26.0,53.6,13.1,17.81,36.0,3.2,Online,1
53.0,66.3,3.1,67.68,55.0,4.05,In-store,1
58.0,64.7,3.2,65.45,14.0,4.02,In-store,0
46.0,78.2,1.5,88.52,58.0,3.32,Online,1
53.0,47.7,2.6,35.25,55.0,2.64,In-store,0
58.0,48.5,2.7,36.32,58.0,3.97,In-store,1
26.0,39.8,6.7,33.27,28.0,3.85,Online,1
38.0,74.3,3.8,65.38,4.0,4.15,Online,1
25.0,32.8,8.1,32.26,39.0,3.61,Online,0
25.0,32.6,9.6,29.47,22.0,2.42,Online,0
59.0,54.1,1.9,71.42,56.0,4.15,Online,0
36.0,82.6,8.6,87.95,27.0,3.49,In-store,1
39.0,62.1,3.5,80.57,33.0,3.09,In-store,0
25.0,27.2,9.8,36.9,19.0,3.13,Online,0
18.0,35.5,8.2,11.58,42.0,2.76,Online,0
49.0,65.2,3.6,48.49,31.0,4.26,In-store,1
25.0,45.0,8.3,25.86,61.0,2.21,Online,0
23.0,47.4,14.6,36.07,61.0,2.57,In-store,0
32.0,46.5,3.4,39.0,53.0,3.11,In-store,0
39.0,83.7,7.0,88.67,48.0,4.78,In-store,1
47.0,62.0,3.1,140.14,29.0,4.46,In-store,1
34.0,89.3,6.4,81.13,46.0,2.16,In-store,1
26.0,49.4,11.2,20.01,29.0,4.41,Online,0
26.0,34.8,11.0,26.36,8.0,4.42,In-store,0
61.0,58.1,3.7,58.74,69.0,2.63,In-store,1
40.0,80.1,5.3,70.16,46.0,1.43,Online,1
51.0,82.2,5.4,110.17,30.0,3.49,Online,0
45.0,76.2,5.2,78.62,13.0,4.37,In-store,1
54.0,51.2,0.5,57.28,40.0,4.84,In-store,1
26.0,36.9,8.5,24.97,5.0,2.64,Online,0
29.0,39.8,9.6,27.72,43.0,4.75,Online,0
39.0,97.3,2.9,123.96,8.0,1.8,Online,0
24.0,41.4,5.9,39.82,34.0,3.08,Online,0
66.0,53.8,4.3,36.42,36.0,3.18,In-store,0
47.0,84.8,4.9,102.83,10.0,4.45,Online,1
60.0,51.0,0.5,43.74,51.0,4.57,In-store,1
59.0,69.5,3.8,54.23,43.0,4.32,In-store,1
38.0,90.4,6.8,116.77,42.0,2.48,In-store,1
56.0,46.6,3.5,51.84,30.0,4.24,In-store,1
49.0,89.1,5.0,127.43,19.0,3.99,Online,0
40.0,49.4,3.2,48.6,15.0,2.21,In-store,1
26.0,42.2,9.4,32.4,1.0,1.7,Online,0
56.0,82.9,4.9,99.53,55.0,4.35,Online,0
36.0,85.0,4.2,97.47,59.0,3.37,Online,1
20.0,53.6,7.6,26.84,31.0,2.32,Online,1
21.0,27.8,9.4,27.95,18.0,3.18,Online,1
48.0,41.7,1.3,40.56,44.0,3.82,In-store,1
38.0,62.9,8.5,87.51,42.0,3.42,In-store,0
20.0,32.1,13.0,24.84,23.0,2.1,Online,0
22.0,38.2,12.0,36.83,33.0,4.88,Online,0
23.0,25.2,9.9,32.14,30.0,4.16,Online,0
36.0,49.3,6.5,36.19,22.0,3.1,Online,0
52.0,44.8,2.9,34.67,41.0,3.28,In-store,1
36.0,83.9,5.0,70.39,34.0,3.74,Online,0
25.0,37.7,13.0,19.3,16.0,2.42,Online,0
39.0,86.7,6.4,92.45,36.0,3.76,In-store,1
18.0,37.6,2.4,36.76,23.0,2.3,Online,0
26.0,37.8,8.1,38.41,32.0,3.32,Online,0
52.0,77.1,3.9,86.21,49.0,2.55,In-store,1
49.0,70.7,5.1,122.79,28.0,2.68,Online,0
38.0,49.9,3.0,38.69,61.0,4.84,In-store,1
34.0,82.1,5.0,103.0,5.0,3.57,Online,1
